{
  "energy_rmse": 0.005063753477994632,
  "force_rmse": 0.02792346308851209,
  "n_validation": 40
}