{
  "CTCF": {
    "intersection": [
      0.057491052202920424,
      0.0,
      0.0,
      0.08012831972676042,
      0.43469657089386105,
      0.0,
      0.14397614688756227,
      0.0,
      0.0,
      0.21427559642492072,
      0.0,
      0.0,
      0.09203945344312565,
      0.318965896339204,
      0.15001798893426704,
      0.0,
      0.0,
      0.19607233314571154,
      0.31651539476142226,
      0.046294491930409805,
      0.0,
      0.33104449830976873,
      0.0,
      0.0,
      0.0,
      0.0,
      0.5928426610216231,
      0.32596635541712565,
      0.0,
      0.44682465381353215,
      0.2577504772621699,
      0.3174694795424009,
      0.1778855454408792,
      0.3519502697674263,
      0.6218818457341174,
      0.46299504824770776,
      1.0418319238921672,
      1.4861756319199866,
      2.1592851984907018,
      2.2515579403940555,
      3.074900292812019,
      3.0875309414808907,
      4.3536229555255375,
      4.572799340124753,
      5.397971796151911,
      6.030221820728071,
      6.496936315036491,
      6.841048186905317,
      6.899964101682404,
      7.117725771586208,
      7.4949203438884275,
      7.028791866998379,
      6.841745019963411,
      6.156483152147203,
      6.120667869197213,
      5.1080205943089405,
      4.936061295267527,
      3.907674568302303,
      3.7025313115606795,
      2.9145112536503897,
      2.263115970318349,
      2.217461768286879,
      1.4715067071096564,
      1.0668334939207837,
      1.0379284326553342,
      0.3342752303467671,
      0.0,
      0.5530649461914603,
      0.05538746354816526,
      0.3240145276588393,
      0.10969194282475295,
      0.0,
      0.1632312662598469,
      0.0,
      0.0,
      0.0,
      0.0,
      0.08386434256483771,
      0.0,
      0.0,
      0.0,
      0.0,
      0.0,
      0.5068200307195931,
      0.0,
      0.36469563842809616,
      0.2329964937872126,
      0.0,
      0.03619490506127868,
      0.03038404869015443,
      0.3688405322613779,
      0.1659669091992179,
      0.0,
      0.07032379746710696,
      0.16086288057080392,
      0.0,
      0.09882987087961775,
      0.26909779197629413,
      0.0,
      0.0
    ],
    "mnase": [
      0.0,
      0.0,
      0.1764546088931259,
      0.11537084809224148,
      0.018878783409186452,
      0.22491653047414564,
      0.239127060381581,
      0.0,
      0.39486534404673607,
      0.3166781442920953,
      0.0,
      0.0,
      0.0,
      0.0,
      0.0,
      0.0,
      0.21814394958560945,
      0.0,
      0.026061377797301385,
      0.024950323084562055,
      0.0,
      0.026872508305035472,
      0.0,
      0.0,
      0.3123432012200221,
      0.0,
      0.3434957301006462,
      0.0,
      0.0,
      0.0,
      0.2846503566808028,
      0.0,
      0.19425991896343126,
      0.19181493844045203,
      0.23456941935291892,
      0.5881868821687652,
      0.5979012175692262,
      0.34977962221343234,
      0.6837173821249913,
      1.2734503530752566,
      1.198015730801734,
      1.0611704109627116,
      1.3169856114379226,
      2.0287741404302575,
      2.232287149659779,
      2.1322217157585035,
      2.663034366287156,
      2.992066825500915,
      3.0750739804368856,
      3.1617416902233044,
      2.951983837871374,
      2.747970248678788,
      2.591692382063698,
      2.5100309527697178,
      2.1412901698945968,
      2.0199399413207604,
      2.1057690283765327,
      1.282579190225782,
      1.054605658642692,
      1.3002094938518327,
      0.8547278041323945,
      0.35370293393165736,
      0.5660934303778201,
      0.4027733124090965,
      0.2471463683489836,
      0.38260306119528,
      0.0,
      0.12777560424752166,
      0.04450355439279289,
      0.06639880860575982,
      0.0,
      0.0,
      0.02022074502453782,
      0.11840549464738555,
      0.37551348061500917,
      0.16493270591634832,
      0.09443297585110352,
      0.25556414053533055,
      0.0,
      0.3111822537894154,
      0.22406959260090228,
      0.0,
      0.3848504899126546,
      0.08941738321037071,
      0.4386089453309469,
      0.06064386801139687,
      0.0,
      0.0,
      0.0,
      0.0,
      0.25427786499843447,
      0.0,
      0.0,
      0.042600874917007585,
      0.02510261340646214,
      0.0,
      0.05351840514392762,
      0.0,
      0.1267530735828235,
      0.11499578777619895
    ]
  },
  "SMC1": {
    "intersection": [
      0.0,
      0.4238033458793307,
      0.0,
      0.0,
      0.0,
      0.07926764349613544,
      0.027681172362249405,
      0.0,
      0.30355471204563245,
      0.22169954186706745,
      0.0,
      0.16082872528348993,
      0.31293995358691706,
      0.22027731009719373,
      0.0,
      0.0,
      0.0650003313473929,
      0.13386080106713594,
      0.0,
      0.005010823212403641,
      0.0,
      0.27921466970677894,
      0.3737247923427633,
      0.2401809737412762,
      0.0,
      0.24409031851119703,
      0.1534970261536479,
      0.02297789723601791,
      0.477944319901952,
      0.0,
      0.25806671175359375,
      0.37021662927984333,
      0.2345965042741742,
      0.5250504002062789,
      0.7618693816553829,
      0.8268092684035576,
      1.1296065142141962,
      1.3706538235810914,
      1.883521338256908,
      2.112079624855066,
      2.583999931625274,
      3.1839799039381225,
      3.9804856909896813,
      3.96912558294564,
      4.699210241701642,
      5.860550220597942,
      5.920152608390747,
      6.1539777568745695,
      6.654099176650737,
      6.4720250920282565,
      6.208472709629664,
      6.566088799102558,
      6.089228199458144,
      5.885392880661867,
      5.471276368908547,
      4.909507338956961,
      3.9767991302574406,
      3.749008084667501,
      3.2687882614411734,
      2.3663476356589963,
      1.8540406469245183,
      1.5102123987806866,
      1.498920546743336,
      0.6354442522481245,
      0.9438371545268456,
      0.6511810812692006,
      0.3617223725240271,
      0.0,
      0.04301099119081528,
      0.2936657270338119,
      0.34262550808187386,
      0.0,
      0.26633051456912166,
      0.1609144315292197,
      0.01317962956867675,
      0.0,
      0.0,
      0.36754608045560533,
      0.037360905388341865,
      0.2668991589146679,
      0.04881336645842349,
      0.0,
      0.11695677007536513,
      0.4316377647793993,
      0.0,
      0.18279108815744805,
      0.03811009864612641,
      0.0,
      0.0,
      0.0,
      0.06949807525982796,
      0.1756747491957646,
      0.0,
      0.13053953143221517,
      0.0,
      0.0006627607633076157,
      0.11772237094981851,
      0.349221064691553,
      0.06072836033208797,
      0.0
    ],