{
  "angles": [
    0,
    5,
    10,
    15,
    20,
    25,
    30,
    35,
    40,
    45,
    50,
    55,
    60,
    65,
    70,
    75,
    80,
    85
  ],
  "yields_Si": [
    0.6936065535352628,
    0.738623215570926,
    0.826865339389181,
    1.0122431932149911,
    1.4175802465333476,
    2.084592261859118,
    3.3253397025653237,
    3.5273857021374755,
    3.1670866540294176,
    2.2176889555241,
    1.4896367194973723,
    0.8952614642144759,
    0.5512386036465641,
    0.28629140902820965,
    0.14396646389085854,
    0.08085165398445948,
    0.0199010010370717,
    0.016402469253786463
  ],
  "yields_Ge": [
    1.7284155395453855,
    1.6921941989233114,
    1.9745600058705073,
    2.2093674212886754,
    2.853854375664546,
    3.39413278726732,
    4.473167909173412,
    4.822654459513759,
    4.25359486392568,
    3.230909538182685,
    2.026053944502909,
    1.2938654814936899,
    0.7410888666277028,
    0.4707707070334322,
    0.21635962914188486,
    0.0683573149684027,
    0.0648095277683667,
    0.01
  ],
  "ref_Si": [
    0.7,
    0.73,
    0.82,
    0.98,
    1.4,
    2.1,
    3.3,
    3.55,
    3.2,
    2.2,
    1.5,
    0.9,
    0.55,
    0.32,
    0.18,
    0.09,
    0.04,
    0.01
  ],
  "ref_Ge": [
    1.7,
    1.75,
    1.9,
    2.2,
    2.8,
    3.5,
    4.5,
    4.8,
    4.3,
    3.2,
    2.1,
    1.3,
    0.75,
    0.42,
    0.22,
    0.1,
    0.04,
    0.01
  ]
}